timestamp,open,high,low,close,volume,prev_close,intraday_range,intraday_range_pct,gap_from_prev,gap_pct,body_size,upper_wick,lower_wick,bullish_candle
2024-09-05 22:00:00,232.6,233.6,210.51,210.73,112177004,230.17,23.090000000000003,10.957148958382767,2.430000000000007,1.0557414085241374,21.870000000000005,1.0,0.21999999999999886,0
2024-09-08 22:00:00,216.2,219.87,213.67,216.27,67443518,210.73,6.200000000000017,2.8667868867619255,5.469999999999999,2.5957386228823607,0.0700000000000216,3.5999999999999943,2.530000000000001,1
2024-09-09 22:00:00,220.07,226.4,218.6377,226.17,78891136,216.27,7.76230000000001,3.432064376354075,3.799999999999983,1.7570629305960064,6.099999999999994,0.2300000000000182,1.432299999999998,1
2024-09-10 22:00:00,224.55,228.47,216.8003,228.13,83548633,226.17,11.669700000000006,5.115372813746551,-1.6199999999999761,-0.7162753680859425,3.579999999999984,0.3400000000000034,7.7497000000000185,1
2024-09-11 22:00:00,224.66,231.45,223.83,229.81,72020042,228.13,7.619999999999976,3.3157826030198754,-3.469999999999999,-1.5210625520536531,5.150000000000006,1.6399999999999864,0.8299999999999841,1
2024-09-12 22:00:00,228.0,232.67,226.32,230.29,59515114,229.81,6.349999999999994,2.757392852490336,-1.8100000000000023,-0.7876071537356958,2.289999999999992,2.3799999999999955,1.6800000000000068,1
2024-09-15 22:00:00,229.3,229.96,223.53,226.78,54322995,230.29,6.430000000000007,2.835347032366173,-0.9899999999999807,-0.42989274393155613,2.5200000000000102,0.6599999999999966,3.25,0
2024-09-16 22:00:00,229.45,234.57,226.5533,227.87,66761636,226.78,8.016699999999986,3.5181024268223045,2.6699999999999875,1.1773525002204723,1.579999999999984,5.1200000000000045,1.3166999999999973,0
2024-09-17 22:00:00,230.09,235.68,226.88,227.2,78010204,227.87,8.800000000000011,3.8732394366197234,2.219999999999999,0.9742396980734624,2.890000000000015,5.590000000000003,0.3199999999999932,0
2024-09-18 22:00:00,234.0,244.24,232.13,243.92,102694576,227.2,12.110000000000014,4.964742538537231,6.800000000000011,2.9929577464788784,9.919999999999987,0.3200000000000216,1.8700000000000045,1
2024-09-19 22:00:00,241.52,243.99,235.92,238.25,99879070,243.92,8.070000000000022,3.3871983210912995,-2.3999999999999773,-0.9839291571006794,3.2700000000000102,2.469999999999999,2.3300000000000125,0
2024-09-22 22:00:00,242.61,250.0,241.92,250.0,86927194,238.25,8.080000000000013,3.232000000000005,4.360000000000014,1.830010493179439,7.389999999999986,0.0,0.6900000000000261,1
2024-09-23 22:00:00,254.08,257.19,249.0501,254.27,88490999,250.0,8.139900000000011,3.201282101702919,4.0800000000000125,1.632000000000005,0.18999999999999773,2.9199999999999875,5.029900000000026,1
2024-09-24 22:00:00,252.54,257.05,252.28,257.02,65034318,254.27,4.77000000000001,1.855886701424018,-1.7300000000000182,-0.680379124552648,4.47999999999999,0.03000000000002956,0.2599999999999909,1
2024-09-25 22:00:00,260.6,261.75,251.53,254.22,67142193,257.02,10.219999999999999,4.020140036189127,3.580000000000041,1.392887713018458,6.380000000000024,1.1499999999999773,2.6899999999999977,0
2024-09-26 22:00:00,257.375,260.6999,254.12,260.46,70988067,254.22,6.579900000000009,2.52626123013131,3.155000000000001,1.2410510581386207,3.0849999999999795,0.2399000000000342,3.2549999999999955,1
2024-09-29 22:00:00,259.04,264.86,255.77,261.63,80873381,260.46,9.090000000000003,3.4743722050223615,-1.419999999999959,-0.5451892805037085,2.589999999999975,3.230000000000018,3.2700000000000102,1
2024-09-30 22:00:00,262.67,263.98,248.53,258.02,87397613,261.63,15.450000000000017,5.987907914115191,1.0400000000000205,0.3975079310476705,4.650000000000034,1.3100000000000023,9.48999999999998,0
2024-10-01 22:00:00,247.55,251.1585,241.5,249.02,93983930,258.02,9.658500000000004,3.8786041281824764,-10.46999999999997,-4.057824974808144,1.4699999999999989,2.1384999999999934,6.050000000000011,1
2024-10-02 22:00:00,244.48,249.79,237.81,240.66,80729240,249.02,11.97999999999999,4.977977229286125,-4.5400000000000205,-1.823146735202,3.819999999999993,5.310000000000002,2.8499999999999943,0
2024-10-03 22:00:00,246.69,250.96,244.58,250.08,86726285,240.66,6.3799999999999955,2.5511836212412007,6.030000000000001,2.505609573672402,3.390000000000015,0.8799999999999955,2.109999999999985,1
2024-10-06 22:00:00,249.0,249.83,240.7,240.83,68113270,250.08,9.130000000000024,3.7910559315699968,-1.0800000000000125,-0.4318618042226537,8.169999999999987,0.8300000000000125,0.13000000000002387,0
2024-10-07 22:00:00,243.56,246.21,240.56,244.5,56303160,240.83,5.650000000000006,2.3108384458077733,2.7299999999999898,1.133579703525304,0.9399999999999977,1.710000000000008,3.0,1
2024-10-08 22:00:00,243.82,247.43,239.51,241.05,66289529,244.5,7.920000000000016,3.285625388923466,-0.6800000000000068,-0.27811860940695576,2.769999999999982,3.6100000000000136,1.5400000000000205,0
2024-10-09 22:00:00,241.81,242.7899,232.34,238.77,83087063,241.05,10.449899999999985,4.376554843573307,0.7599999999999909,0.3152872847956818,3.039999999999992,0.9798999999999864,6.430000000000007,0
2024-10-10 22:00:00,220.13,223.34,214.38,217.8,142628874,238.77,8.960000000000008,4.113865932047753,-18.640000000000015,-7.806675880554515,2.329999999999984,3.210000000000008,3.420000000000016,0
2024-10-13 22:00:00,220.13,221.91,213.74,219.16,86291923,217.8,8.169999999999987,3.7278700492790597,2.329999999999984,1.069788797061517,0.9699999999999989,1.7800000000000011,5.4199999999999875,0
2024-10-14 22:00:00,220.01,224.26,217.12,219.57,62988787,219.16,7.139999999999986,3.2518103566060876,0.8499999999999943,0.38784449717101405,0.4399999999999977,4.25,2.4499999999999886,0
2024-10-15 22:00:00,221.4,222.8199,218.93,221.33,49632824,219.57,3.889899999999983,1.7575114083043342,1.8300000000000125,0.8334471922393828,0.06999999999999318,1.4198999999999842,2.4000000000000057,0
2024-10-16 22:00:00,221.59,222.08,217.9,220.89,50791784,221.33,4.180000000000007,1.8923446059124482,0.2599999999999909,0.11747164866940354,0.700000000000017,0.4900000000000091,2.9899999999999807,0
2024-10-17 22:00:00,220.71,222.28,219.23,220.7,49611867,220.89,3.0500000000000114,1.381966470321709,-0.1799999999999784,-0.0814885236995692,0.010000000000019327,1.5699999999999932,1.4699999999999989,0
2024-10-20 22:00:00,218.9,220.48,215.726,218.85,47328988,220.7,4.753999999999991,2.1722641078364138,-1.799999999999983,-0.815586769370178,0.05000000000001137,1.579999999999984,3.1239999999999952,0
2024-10-21 22:00:00,217.31,218.22,215.26,217.97,43268741,218.85,2.960000000000008,1.3579850438133725,-1.539999999999992,-0.7036783184829756,0.6599999999999966,0.25,2.0500000000000114,1
2024-10-22 22:00:00,217.125,218.72,212.11,213.65,80938892,217.97,6.609999999999985,3.093845073718692,-0.8449999999999989,-0.38766802771023484,3.4749999999999943,1.5949999999999989,1.539999999999992,0
2024-10-23 22:00:00,244.68,262.1199,242.65,260.48,204491903,213.65,19.469899999999967,7.474623771498759,31.03,14.523753802948747,15.800000000000011,1.6398999999999546,2.030000000000001,1
2024-10-24 22:00:00,256.01,269.49,255.32,269.19,161611931,260.48,14.170000000000016,5.263939968052311,-4.470000000000027,-1.716062653562664,13.180000000000007,0.30000000000001137,0.6899999999999977,1
2024-10-27 22:00:00,270.0,273.536,262.24,262.51,107653603,269.19,11.295999999999992,4.303074168603098,0.8100000000000023,0.300902708124374,7.490000000000009,3.5360000000000014,0.2699999999999818,0
2024-10-28 22:00:00,264.51,264.98,255.51,259.52,80521751,262.51,9.470000000000027,3.649044389642427,2.0,0.7618757380671213,4.990000000000009,0.4700000000000273,4.009999999999991,0
2024-10-29 22:00:00,258.035,263.35,255.8201,257.55,53993576,259.52,7.529900000000026,2.9236653077072514,-1.4849999999999568,-0.5722102342786517,0.48500000000001364,5.314999999999998,1.7299000000000149,0
2024-10-30 22:00:00,257.99,259.75,249.25,249.85,66575292,257.55,10.5,4.202521512907745,0.4399999999999977,0.17084061347311114,8.140000000000015,1.759999999999991,0.5999999999999943,0
2024-10-31 22:00:00,252.043,254.0,246.63,248.98,57544757,249.85,7.3700000000000045,2.960077114627683,2.193000000000012,0.8777266359815938,3.0630000000000166,1.9569999999999936,2.3499999999999943,0
2024-11-03 22:00:00,244.56,248.9,238.88,242.84,68802354,248.98,10.02000000000001,4.126173612254987,-4.4199999999999875,-1.775242991404927,1.7199999999999989,4.340000000000003,3.960000000000008,0
2024-11-04 22:00:00,247.34,255.2799,246.2101,251.44,69282505,242.84,9.069799999999987,3.607142857142852,4.5,1.8530719815516388,4.099999999999994,3.8399,1.1298999999999921,1
2024-11-05 22:00:00,284.67,289.59,275.62,288.53,165228710,251.44,13.96999999999997,4.84178421654593,33.23000000000002,13.21587655106587,3.859999999999957,1.0600000000000023,9.050000000000011,1
2024-11-06 22:00:00,288.89,299.75,285.52,296.91,117309232,288.53,14.230000000000018,4.7926981240106485,0.36000000000001364,0.12477038782796024,8.020000000000039,2.839999999999975,3.3700000000000045,1
2024-11-07 22:00:00,299.14,328.71,297.66,321.22,204782763,296.91,31.049999999999955,9.666272336716254,2.2299999999999613,0.7510693476137419,22.08000000000004,7.489999999999952,1.4799999999999613,1
2024-11-10 22:00:00,346.3,358.64,336.0,350.0,210521625,321.22,22.639999999999986,6.468571428571425,25.079999999999984,7.807733017869367,3.6999999999999886,8.639999999999986,10.300000000000011,1
2024-11-11 22:00:00,342.74,345.84,323.31,328.49,155726016,350.0,22.529999999999973,6.858656275685705,-7.259999999999991,-2.074285714285712,14.25,3.099999999999966,5.180000000000007,0
2024-11-12 22:00:00,335.85,344.5999,322.5,330.24,125405599,328.49,22.09989999999999,6.69207243217054,7.360000000000014,2.240555268044693,5.610000000000014,8.749899999999968,7.740000000000009,0
2024-11-13 22:00:00,327.69,329.98,310.37,311.18,120726109,330.24,19.610000000000014,6.3018188829616335,-2.5500000000000114,-0.772165697674422,16.50999999999999,2.2900000000000205,0.8100000000000023,0
2024-11-14 22:00:00,310.57,324.6799,309.22,320.72,114440286,311.18,15.459899999999948,4.820372910950345,-0.6100000000000136,-0.19602802236648037,10.150000000000034,3.959899999999948,1.349999999999966,1
2024-11-17 22:00:00,340.73,348.5499,330.01,338.74,126547455,320.72,18.53989999999999,5.473194780657728,20.00999999999999,6.239087054128208,1.990000000000009,7.819899999999961,8.730000000000018,0
2024-11-18 22:00:00,335.76,347.3799,332.75,346.0,88852452,338.74,14.62990000000002,4.228294797687867,-2.980000000000018,-0.8797307669599156,10.240000000000009,1.3799000000000206,3.009999999999991,1
2024-11-19 22:00:00,345.0,346.5999,334.3,342.03,66340650,346.0,12.29989999999998,3.5961465368534866,-1.0,-0.2890173410404624,2.9700000000000273,1.599899999999991,7.729999999999961,0
2024-11-20 22:00:00,343.81,347.9899,335.28,339.64,58011719,342.03,12.709900000000005,3.7421681780709,1.7800000000000296,0.5204221851884424,4.170000000000016,4.179899999999975,4.360000000000014,0
2024-11-21 22:00:00,341.085,361.53,337.7,352.56,89140722,339.64,23.829999999999984,6.75913319718629,1.4449999999999932,0.4254504769756193,11.475000000000023,8.96999999999997,3.384999999999991,1
2024-11-24 22:00:00,360.14,361.93,338.2,338.59,95890899,352.56,23.730000000000018,7.008476328302672,7.579999999999984,2.1499886544134283,21.55000000000001,1.7900000000000205,0.38999999999998636,0
2024-11-25 22:00:00,341.0,346.96,335.66,338.23,62295857,338.59,11.299999999999955,3.340921857907327,2.410000000000025,0.7117753034643743,2.769999999999982,5.9599999999999795,2.569999999999993,0
2024-11-26 22:00:00,341.8,342.55,326.59,332.89,57896439,338.23,15.960000000000036,4.794376520772638,3.569999999999993,1.05549478165745,8.910000000000025,0.75,6.300000000000011,0
2024-11-28 22:00:00,336.08,345.45,334.6501,345.16,37167621,332.89,10.79989999999998,3.1289546876810697,3.1899999999999977,0.9582745050917715,9.080000000000041,0.2899999999999636,1.429899999999975,1
2024-12-01 22:00:00,352.38,360.0,351.1501,357.09,77986478,345.16,8.849899999999991,2.4783387941415307,7.21999999999997,2.0917835206860502,4.7099999999999795,2.910000000000025,1.2298999999999864,1
2024-12-02 22:00:00,351.8,355.69,348.2,351.42,58267196,357.09,7.490000000000009,2.1313527972226987,-5.289999999999964,-1.481419250048997,0.37999999999999545,3.8899999999999864,3.2200000000000273,0
2024-12-03 22:00:00,353.0,358.1,348.6,357.93,50810874,351.42,9.5,2.6541502528427343,1.579999999999984,0.4496044618974401,4.930000000000007,0.17000000000001592,4.399999999999977,1
2024-12-04 22:00:00,359.87,375.43,359.5,369.49,81403569,357.93,15.930000000000007,4.311348074372786,1.9399999999999977,0.5420054200541999,9.620000000000005,5.939999999999998,0.37000000000000455,1
2024-12-05 22:00:00,377.42,389.49,370.8,389.22,81455834,369.49,18.689999999999998,4.801911515338368,7.930000000000007,2.1462015210154552,11.800000000000011,0.2699999999999818,6.6200000000000045,1
2024-12-08 22:00:00,397.61,404.8,378.01,389.79,96359173,389.22,26.79000000000002,6.872931578542298,8.389999999999986,2.1555932377575626,7.819999999999993,7.189999999999998,11.78000000000003,0
2024-12-09 22:00:00,392.68,409.73,390.85,400.99,97563578,389.79,18.879999999999995,4.708346841567121,2.8899999999999864,0.7414248698016845,8.310000000000002,8.740000000000009,1.829999999999984,1
2024-12-10 22:00:00,409.7,424.88,402.38,424.77,104287559,400.99,22.5,5.296984250300163,8.70999999999998,2.17212399311703,15.069999999999993,0.11000000000001364,7.319999999999993,1
2024-12-11 22:00:00,424.84,429.3,415.0,418.1,87752225,424.77,14.300000000000011,3.4202343936857234,0.06999999999999318,0.016479506556487788,6.739999999999952,4.460000000000036,3.1000000000000227,0
2024-12-12 22:00:00,420.0,436.3,415.71,436.23,89000158,418.1,20.590000000000032,4.719987162735261,1.8999999999999773,0.4544367376225729,16.230000000000018,0.06999999999999318,4.2900000000000205,1
2024-12-15 22:00:00,441.09,463.19,436.15,463.02,114083811,436.23,27.04000000000002,5.83992052179172,4.859999999999957,1.1140911904270583,21.930000000000007,0.17000000000001592,4.939999999999998,1
2024-12-16 22:00:00,475.9,483.99,457.5101,479.86,131222978,463.02,26.479899999999986,5.518255324469634,12.879999999999995,2.7817372899658754,3.9600000000000364,4.1299999999999955,18.389899999999955,1
2024-12-17 22:00:00,466.495,488.5399,427.01,440.13,149340788,479.86,61.5299,13.979937745666051,-13.365000000000009,-2.785187346309342,26.36500000000001,22.044899999999984,13.120000000000005,0
2024-12-18 22:00:00,451.88,456.36,420.02,436.17,118566146,440.13,36.34000000000003,8.331613820299431,11.75,2.669665780564833,15.70999999999998,4.480000000000018,16.150000000000034,0
2024-12-19 22:00:00,425.505,447.08,417.64,421.06,132216176,436.17,29.439999999999998,6.991877642141262,-10.66500000000002,-2.445147534218314,4.444999999999993,21.57499999999999,3.420000000000016,0
2024-12-22 22:00:00,431.0,434.51,415.4112,430.6,72698055,421.06,19.098799999999983,4.435392475615417,9.939999999999998,2.3607086875979664,0.39999999999997726,3.509999999999991,15.188800000000015,0
2024-12-23 22:00:00,435.9,462.78,435.14,462.28,59551750,430.6,27.639999999999986,5.979060309768968,5.2999999999999545,1.2308406874129016,26.379999999999995,0.5,0.7599999999999909,1
2024-12-25 22:00:00,465.16,465.3299,451.02,454.13,76651210,462.28,14.309900000000027,3.1510580670733113,2.8800000000000523,0.62299904819591,11.03000000000003,0.16989999999998417,3.1100000000000136,0
2024-12-26 22:00:00,449.52,450.0,426.5,431.66,82666821,454.13,23.5,5.444099522772553,-4.610000000000014,-1.015127826833729,17.859999999999957,0.4800000000000182,5.160000000000025,0
2024-12-29 22:00:00,419.4,427.0,415.75,417.41,64941012,431.66,11.25,2.695191777868283,-12.260000000000048,-2.840198304220926,1.9899999999999523,7.600000000000023,1.660000000000025,0
2024-12-30 22:00:00,423.79,427.93,402.54,403.84,76825121,417.41,25.389999999999986,6.2871434231378736,6.3799999999999955,1.5284732038044118,19.950000000000045,4.139999999999986,1.2999999999999545,0
2025-01-01 22:00:00,390.1,392.7299,373.04,379.28,109710749,403.84,19.689899999999966,5.191388947479426,-13.739999999999952,-3.4023375594294656,10.82000000000005,2.6298999999999637,6.239999999999952,0
2025-01-02 22:00:00,381.48,411.8799,379.45,410.44,95423329,379.28,32.42990000000003,7.901252314589229,2.2000000000000455,0.580046403712309,28.95999999999998,1.4399000000000228,2.0300000000000296,1
2025-01-05 22:00:00,423.2,426.43,401.7,411.05,85516534,410.44,24.730000000000018,6.016299720228687,12.759999999999991,3.1088587856934002,12.149999999999977,3.230000000000018,9.350000000000023,0
2025-01-06 22:00:00,405.83,414.33,390.0,394.36,75699525,411.05,24.329999999999984,6.1694898062683805,-5.220000000000027,-1.2699185013988632,11.46999999999997,8.5,4.360000000000014,0
2025-01-07 22:00:00,392.95,402.4999,387.4,394.94,73038805,394.36,15.099900000000048,3.823340254215842,-1.410000000000025,-0.35754133279237876,1.990000000000009,7.559900000000027,5.550000000000011,1
2025-01-09 22:00:00,391.4,399.28,377.29,394.74,62287333,394.94,21.989999999999952,5.570755433956516,-3.5400000000000205,-0.8963386843571227,3.340000000000032,4.539999999999964,14.109999999999957,1
2025-01-12 22:00:00,383.21,403.79,380.07,403.31,67580494,394.74,23.720000000000027,5.881331977883025,-11.53000000000003,-2.9209099660536126,20.100000000000023,0.4800000000000182,3.1399999999999864,1
2025-01-13 22:00:00,414.34,422.64,394.54,396.36,84565022,403.31,28.099999999999966,7.089514582702584,11.029999999999973,2.7348689593612785,17.97999999999996,8.300000000000011,1.8199999999999932,0
2025-01-14 22:00:00,409.9,429.8,405.661,428.22,81375460,396.36,24.13900000000001,5.637055719022934,13.539999999999964,3.4160863861136246,18.32000000000005,1.579999999999984,4.238999999999976,1
2025-01-15 22:00:00,423.49,424.0,409.13,413.82,68335151,428.22,14.870000000000005,3.5933497655985707,-4.730000000000018,-1.10457241604783,9.670000000000016,0.5099999999999909,4.689999999999998,0
2025-01-16 22:00:00,421.5,439.74,419.75,426.5,94991429,413.82,19.99000000000001,4.686987104337634,7.680000000000007,1.855879367841092,5.0,13.240000000000009,1.75,1
2025-01-20 22:00:00,432.64,433.2,406.31,424.07,87320894,426.5,26.889999999999986,6.340934279717968,6.139999999999986,1.4396248534583789,8.569999999999993,0.5600000000000023,17.75999999999999,0
2025-01-21 22:00:00,416.81,428.0,414.59,415.11,60963342,424.07,13.410000000000025,3.230469032304696,-7.259999999999991,-1.7119815124861442,1.6999999999999886,11.189999999999998,0.5200000000000387,0
2025-01-22 22:00:00,416.06,420.73,408.95,412.38,50690592,415.11,11.78000000000003,2.856588583345465,0.9499999999999886,0.2288550022885473,3.680000000000007,4.670000000000016,3.430000000000007,0
2025-01-23 22:00:00,414.45,418.88,405.78,406.58,56427149,412.38,13.100000000000023,3.221998130749182,2.069999999999993,0.5019642077695313,7.8700000000000045,4.430000000000007,0.8000000000000114,0
2025-01-26 22:00:00,394.8,406.69,389.0,397.15,58125510,406.58,17.689999999999998,4.4542364345965,-11.779999999999973,-2.897338777116428,2.349999999999966,9.54000000000002,5.800000000000011,1
2025-01-27 22:00:00,396.91,400.59,386.5,398.09,48910676,397.15,14.089999999999975,3.539400638046667,-0.23999999999995225,-0.06043056779553123,1.17999999999995,2.5,10.410000000000025,1
2025-01-28 22:00:00,395.21,398.5899,384.48,389.1,68033648,398.09,14.109899999999982,3.6262914417887386,-2.8799999999999955,-0.7234544952146488,6.109999999999957,3.3799000000000206,4.6200000000000045,0
2025-01-29 22:00:00,410.78,412.5,384.41,400.28,98092879,389.1,28.089999999999975,7.017587688617962,21.67999999999995,5.571832433821626,10.5,1.7200000000000273,15.869999999999948,0
2025-01-30 22:00:00,401.53,419.99,401.34,404.6,83568219,400.28,18.650000000000034,4.609490855165603,1.25,0.3122814030178875,3.07000000000005,15.389999999999986,0.18999999999999773,1
2025-02-02 22:00:00,386.68,389.17,374.36,383.68,93732122,404.6,14.810000000000002,3.8599874895746464,-17.920000000000016,-4.429065743944641,3.0,2.490000000000009,9.319999999999993,0
2025-02-03 22:00:00,382.63,394.0,381.4,392.21,57072235,383.68,12.600000000000023,3.212564697483497,-1.0500000000000114,-0.27366555462886033,9.579999999999984,1.7900000000000205,1.2300000000000182,1
2025-02-04 22:00:00,387.51,388.39,375.53,378.17,57614721,392.21,12.860000000000014,3.4005870375756966,-4.699999999999989,-1.1983376252517755,9.339999999999975,0.8799999999999955,2.640000000000043,0
2025-02-05 22:00:00,373.03,375.4,363.18,374.32,77918230,378.17,12.21999999999997,3.2645864500961665,-5.140000000000043,-1.3591770896686788,1.2900000000000205,1.079999999999984,9.849999999999966,1
2025-02-06 22:00:00,370.19,380.5459,360.34,361.62,70298258,374.32,20.205900000000042,5.587605774016936,-4.1299999999999955,-1.1033340457362673,8.569999999999993,10.35590000000002,1.2800000000000296,0
2025-02-09 22:00:00,356.21,362.7,350.51,350.73,77514903,361.62,12.189999999999998,3.475608017563367,-5.410000000000025,-1.4960455727006319,5.479999999999961,6.490000000000009,0.22000000000002728,0
2025-02-10 22:00:00,345.8,349.37,325.1,328.5,118543400,350.73,24.269999999999982,7.388127853881272,-4.930000000000007,-1.4056396658398216,17.30000000000001,3.569999999999993,3.3999999999999773,0
2025-02-11 22:00:00,329.94,346.4,329.12,336.51,105382729,328.5,17.279999999999973,5.135062851029679,1.4399999999999977,0.4383561643835609,6.569999999999993,9.889999999999986,0.8199999999999932,1
2025-02-12 22:00:00,345.0,358.69,342.85,355.94,89441519,336.51,15.839999999999975,4.4501882339720105,8.490000000000009,2.5229562271552135,10.939999999999998,2.75,2.1499999999999773,1
2025-02-13 22:00:00,360.62,362.0,347.5,355.84,68277279,355.94,14.5,4.074865107913669,4.680000000000007,1.3148283418553708,4.78000000000003,1.3799999999999955,8.339999999999975,0
2025-02-17 22:00:00,355.01,359.1,350.02,354.11,51631702,355.84,9.080000000000041,2.564174973878185,-0.8299999999999841,-0.2332508992805711,0.8999999999999773,4.090000000000032,4.090000000000032,0
2025-02-18 22:00:00,354.0,367.34,353.67,360.56,67094374,354.11,13.669999999999959,3.791324606168171,-0.11000000000001364,-0.03106379373641344,6.560000000000002,6.779999999999973,0.3299999999999841,1
2025-02-19 22:00:00,361.51,362.3,348.0,354.4,45965354,360.56,14.300000000000011,4.034988713318288,0.9499999999999886,0.26347903261592764,7.110000000000014,0.7900000000000205,6.399999999999977,0
2025-02-20 22:00:00,353.44,354.98,334.42,337.8,74058648,354.4,20.560000000000002,6.086441681468325,-0.9599999999999795,-0.27088036117380915,15.639999999999986,1.5400000000000205,3.3799999999999955,0
2025-02-23 22:00:00,338.14,342.3973,324.7,330.53,76052321,337.8,17.697299999999984,5.354218981635551,0.339999999999975,0.10065127294256217,7.610000000000014,4.2572999999999865,5.829999999999984,0
2025-02-24 22:00:00,327.025,328.89,297.2512,302.8,134228777,330.53,31.638800000000003,10.448745046235139,-3.5049999999999955,-1.0604181163585742,24.224999999999966,1.865000000000009,5.548800000000028,0
2025-02-25 22:00:00,303.715,309.0,288.04,290.8,100118276,302.8,20.95999999999998,7.207702888583212,0.9149999999999636,0.3021796565389576,12.914999999999964,5.285000000000025,2.759999999999991,0
2025-02-26 22:00:00,291.16,297.23,280.88,281.95,101748197,290.8,16.350000000000023,5.798900514275589,0.36000000000001364,0.12379642365887678,9.210000000000036,6.069999999999993,1.0699999999999932,0
2025-02-27 22:00:00,279.5,293.88,273.6,292.98,115696968,281.95,20.279999999999973,6.921974196190857,-2.4499999999999886,-0.8689483951055111,13.480000000000018,0.8999999999999773,5.899999999999977,1
2025-03-02 22:00:00,300.34,303.94,277.3,284.65,115551414,292.98,26.639999999999986,9.358861760056206,7.359999999999957,2.5121168680455854,15.689999999999998,3.6000000000000227,7.349999999999966,0
2025-03-03 22:00:00,270.93,284.35,261.8401,272.04,126706623,284.65,22.509900000000016,8.274481693868555,-13.71999999999997,-4.819954329878788,1.1100000000000136,12.310000000000002,9.0899,1
2025-03-04 22:00:00,272.92,279.55,267.71,279.1,94042913,272.04,11.840000000000032,4.242207094231469,0.8799999999999955,0.32348184090574744,6.180000000000007,0.44999999999998863,5.210000000000036,1
2025-03-05 22:00:00,272.06,272.65,260.02,263.45,98451566,279.1,12.629999999999995,4.7940785727842075,-7.0400000000000205,-2.522393407380874,8.610000000000014,0.589999999999975,3.430000000000007,0
2025-03-06 22:00:00,259.32,266.2499,250.73,262.67,102369640,263.45,15.519900000000035,5.908516389385935,-4.1299999999999955,-1.5676598975137581,3.3500000000000227,3.579900000000009,8.590000000000003,1
2025-03-09 22:00:00,252.535,253.37,220.0,222.15,189076948,262.67,33.370000000000005,15.021381949133469,-10.13500000000002,-3.8584535729242084,30.38499999999999,0.835000000000008,2.1500000000000057,0
2025-03-10 22:00:00,225.305,237.0649,217.02,230.58,174896415,222.15,20.044899999999984,8.69325179980917,3.155000000000001,1.4202115687598473,5.275000000000006,6.484899999999982,8.284999999999997,1
2025-03-11 22:00:00,247.22,251.84,241.1,248.09,142215681,230.58,10.740000000000009,4.329074126325128,16.639999999999986,7.216584265764587,0.8700000000000045,3.75,6.1200000000000045,1
2025-03-12 22:00:00,248.125,248.29,232.6,240.68,114813525,248.09,15.689999999999998,6.519029416652816,0.03499999999999659,0.014107783465676404,7.444999999999993,0.16499999999999204,8.080000000000013,0
2025-03-13 22:00:00,247.31,251.58,240.73,249.98,100242264,240.68,10.850000000000023,4.340347227778231,6.6299999999999955,2.754695030746217,2.6699999999999875,1.6000000000000227,6.5800000000000125,1
2025-03-16 22:00:00,245.055,245.4,232.8,238.01,111900565,249.98,12.599999999999994,5.293895214486784,-4.924999999999983,-1.970157612609002,7.045000000000016,0.34499999999999886,5.2099999999999795,0
2025-03-17 22:00:00,228.155,230.1,222.28,225.31,111477636,238.01,7.819999999999993,3.4707736008166497,-9.85499999999999,-4.14058232847359,2.844999999999999,1.9449999999999932,3.030000000000001,0
2025-03-18 22:00:00,231.61,241.41,229.201,235.86,111993753,225.31,12.209000000000003,5.176375816162131,6.300000000000011,2.7961475300696867,4.25,5.549999999999983,2.4090000000000202,1
2025-03-19 22:00:00,233.345,238.0,230.0501,236.26,99028270,235.86,7.949900000000014,3.3648946076356614,-2.515000000000015,-1.06631052319173,2.914999999999992,1.740000000000009,3.2949000000000126,1
2025-03-20 22:00:00,234.985,249.52,234.55,248.71,132728684,236.26,14.969999999999999,6.019058341039765,-1.2749999999999773,-0.539659696944035,13.724999999999994,0.8100000000000023,0.4350000000000023,1
2025-03-23 22:00:00,258.075,278.64,256.33,278.39,169079865,248.71,22.310000000000002,8.013937282229966,9.36499999999998,3.765429616822798,20.314999999999998,0.25,1.7450000000000045,1
2025-03-24 22:00:00,283.6,288.2,271.28,288.14,150361538,278.39,16.920000000000016,5.872145484833767,5.210000000000036,1.871475268508221,4.539999999999964,0.060000000000002274,12.32000000000005,1
2025-03-25 22:00:00,282.66,284.9,266.51,272.06,156254441,288.14,18.389999999999986,6.759538337131509,-5.479999999999961,-1.901853265773569,10.600000000000023,2.2399999999999523,5.550000000000011,0
2025-03-26 22:00:00,272.48,291.85,271.8216,273.13,162572146,272.06,20.028400000000033,7.332918390510026,0.4200000000000159,0.1543777107990943,0.6499999999999773,18.720000000000027,0.6584000000000287,1
2025-03-27 22:00:00,275.575,276.1,260.57,263.55,123809389,273.13,15.53000000000003,5.8926199962056645,2.444999999999993,0.8951781203090079,12.024999999999977,0.5250000000000341,2.980000000000018,0
2025-03-30 22:00:00,249.31,260.56,243.3601,259.16,134008936,263.55,17.199900000000014,6.636788084580958,-14.240000000000009,-5.4031493075317805,9.850000000000023,1.3999999999999773,5.949900000000014,1
2025-03-31 22:00:00,263.8,277.45,259.25,268.46,146486911,259.16,18.19999999999999,6.779408477985544,4.639999999999986,1.7903997530483045,4.659999999999968,8.990000000000009,4.550000000000011,1
2025-04-01 22:00:00,254.6,284.99,251.27,282.76,212787817,268.46,33.72,11.925307681425943,-13.859999999999985,-5.162780302465912,28.159999999999997,2.230000000000018,3.329999999999984,1
2025-04-02 22:00:00,265.29,276.3,261.51,267.28,136174291,282.76,14.79000000000002,5.533522897336135,-17.46999999999997,-6.178384495685377,1.9899999999999523,9.020000000000039,3.7800000000000296,1
2025-04-03 22:00:00,255.38,261.0,236.0,239.43,181229353,267.28,25.0,10.44146514638934,-11.899999999999977,-4.452259802454347,15.949999999999989,5.6200000000000045,3.430000000000007,0
2025-04-06 22:00:00,223.78,252.0,214.25,233.29,183453776,239.43,37.75,16.181576578507435,-15.650000000000006,-6.53635718163973,9.509999999999991,18.710000000000008,9.530000000000001,1
2025-04-07 22:00:00,245.0,250.44,217.8,221.86,171603472,233.29,32.639999999999986,14.711980528261059,11.710000000000008,5.019503622101251,23.139999999999986,5.439999999999998,4.060000000000002,0
2025-04-08 22:00:00,224.69,274.69,223.88,272.2,219433373,221.86,50.81,18.666421748714182,2.829999999999984,1.2755791940863535,47.50999999999999,2.490000000000009,0.8100000000000023,1
2025-04-09 22:00:00,260.0,262.49,239.33,252.4,181722604,272.2,23.159999999999997,9.175911251980981,-12.199999999999989,-4.481998530492281,7.599999999999994,2.490000000000009,13.069999999999993,0
2025-04-10 22:00:00,251.84,257.74,241.3629,252.31,128948085,252.4,16.377100000000013,6.4908644128254975,-0.5600000000000023,-0.2218700475435825,0.46999999999999886,5.430000000000007,10.477100000000007,1
2025-04-13 22:00:00,258.36,261.8,245.93,252.35,100135241,252.31,15.870000000000005,6.28888448583317,6.050000000000011,2.397843922159253,6.010000000000019,3.4399999999999977,6.4199999999999875,0
2025-04-14 22:00:00,249.91,258.75,247.54,254.11,79594318,252.35,11.210000000000008,4.411475345322895,-2.4399999999999977,-0.966911036259163,4.200000000000017,4.639999999999986,2.3700000000000045,1
2025-04-15 22:00:00,247.61,251.97,233.89,241.55,112378737,254.11,18.080000000000013,7.4849927551231685,-6.5,-2.5579473456377158,6.060000000000002,4.359999999999985,7.660000000000025,0
2025-04-16 22:00:00,243.47,244.34,237.6833,241.37,83404775,241.55,6.656700000000001,2.757882089737747,1.9199999999999875,0.7948664872697112,2.0999999999999943,0.8700000000000045,3.686700000000002,0
2025-04-20 22:00:00,230.26,232.21,222.79,227.5,97768007,241.37,9.420000000000016,4.140659340659348,-11.110000000000014,-4.602891825827573,2.759999999999991,1.950000000000017,4.710000000000008,0
2025-04-21 22:00:00,230.96,242.79,229.8501,237.97,120858452,227.5,12.939899999999994,5.437618187166447,3.460000000000008,1.5208791208791244,7.009999999999991,4.819999999999993,1.1099000000000103,1
2025-04-22 22:00:00,254.86,259.4499,244.43,250.74,150381903,237.97,15.019900000000007,5.990228922389729,16.890000000000015,7.09753330251713,4.1200000000000045,4.5899,6.310000000000002,0
2025-04-23 22:00:00,250.5,259.54,249.2,259.51,94464195,250.74,10.340000000000032,3.9844321991445537,-0.2400000000000091,-0.09571667863125512,9.009999999999991,0.03000000000002956,1.3000000000000114,1
2025-04-24 22:00:00,261.69,286.85,259.63,284.95,167560688,259.51,27.220000000000027,9.55255307948764,2.180000000000007,0.8400446996262212,23.25999999999999,1.900000000000034,2.0600000000000023,1
2025-04-27 22:00:00,288.98,294.86,272.42,285.88,151731771,284.95,22.439999999999998,7.849447320554077,4.03000000000003,1.4142832075802878,3.1000000000000227,5.8799999999999955,13.45999999999998,0
2025-04-28 22:00:00,285.5,293.32,279.4695,292.03,108906553,285.88,13.850500000000011,4.742834640276688,-0.37999999999999545,-0.13292290471526358,6.529999999999973,1.2900000000000205,6.030500000000018,1
2025-04-29 22:00:00,279.9,284.45,270.78,282.16,128961057,292.03,13.670000000000016,4.844768925432384,-12.129999999999995,-4.153682840804026,2.2600000000000477,2.2899999999999636,9.120000000000005,1
2025-04-30 22:00:00,280.01,290.8688,279.81,280.52,99658974,282.16,11.05880000000002,3.9422501069442535,-2.150000000000034,-0.7619790189963261,0.5099999999999909,10.34880000000004,0.19999999999998863,1
2025-05-01 22:00:00,284.9,294.78,279.81,287.21,114454683,280.52,14.96999999999997,5.212214059399036,4.3799999999999955,1.5613859974333366,2.3100000000000023,7.569999999999993,5.089999999999975,1
2025-05-04 22:00:00,284.57,284.849,274.4,280.26,94618882,287.21,10.449000000000012,3.7283236994219697,-2.6399999999999864,-0.9191880505553381,4.310000000000002,0.27899999999999636,5.860000000000014,0
2025-05-05 22:00:00,273.105,277.73,271.35,275.35,76715792,280.26,6.3799999999999955,2.3170510259669492,-7.154999999999973,-2.552986512524075,2.2450000000000045,2.3799999999999955,1.7549999999999955,1
2025-05-06 22:00:00,276.88,277.92,271.0,276.22,71882408,275.35,6.920000000000016,2.5052494388530935,1.5299999999999727,0.555656437261657,0.6599999999999682,1.0400000000000205,5.220000000000027,0
2025-05-07 22:00:00,279.63,289.8,279.41,284.82,97539448,276.22,10.389999999999986,3.647917983287686,3.409999999999968,1.2345232061400215,5.189999999999998,4.980000000000018,0.21999999999997044,1
2025-05-08 22:00:00,290.21,307.04,290.0,298.26,132387835,284.82,17.04000000000002,5.7131361899014355,5.389999999999986,1.8924232848816749,8.050000000000011,8.78000000000003,0.20999999999997954,1
2025-05-11 22:00:00,321.99,322.21,311.5,318.38,112826661,298.26,10.70999999999998,3.363904767887424,23.730000000000018,7.956145644739496,3.6100000000000136,0.21999999999997044,6.8799999999999955,0
2025-05-12 22:00:00,320.0,337.5894,316.8,334.07,136992574,318.38,20.7894,6.223067021881642,1.6200000000000045,0.5088259312770917,14.069999999999993,3.5194000000000187,3.1999999999999886,1
2025-05-13 22:00:00,342.5,350.0,337.0,347.68,136997264,334.07,13.0,3.7390704095720197,8.430000000000007,2.5234232346514225,5.180000000000007,2.319999999999993,5.5,1
2025-05-14 22:00:00,340.34,346.1393,334.7153,342.82,97882596,347.68,11.423999999999978,3.3323610057756192,-7.340000000000032,-2.111136677404519,2.480000000000018,3.3192999999999984,5.624699999999962,1
2025-05-15 22:00:00,346.24,351.62,342.33,349.98,95895665,342.82,9.29000000000002,2.6544373964226584,3.420000000000016,0.9976080742080439,3.740000000000009,1.6399999999999864,3.910000000000025,1
2025-05-18 22:00:00,336.3,343.0,333.37,342.09,88869853,349.98,9.629999999999995,2.8150486714022613,-13.680000000000007,-3.9087947882736174,5.789999999999964,0.910000000000025,2.930000000000007,1
2025-05-19 22:00:00,347.87,354.9899,341.63,343.82,131715548,342.09,13.359899999999982,3.885725088709203,5.78000000000003,1.6896138443099857,4.050000000000011,7.119899999999973,2.1899999999999977,0
2025-05-20 22:00:00,344.43,347.35,332.2,334.62,102354844,343.82,15.150000000000034,4.5275237582929995,0.6100000000000136,0.17741841661334815,9.810000000000002,2.920000000000016,2.420000000000016,0
2025-05-21 22:00:00,331.9,347.27,331.39,341.04,97113416,334.62,15.879999999999995,4.656345296739383,-2.7200000000000273,-0.8128623513238978,9.140000000000043,6.229999999999961,0.5099999999999909,1
2025-05-22 22:00:00,337.92,343.18,333.21,339.34,84654818,341.04,9.970000000000027,2.938056226793195,-3.1200000000000045,-0.9148486980999309,1.419999999999959,3.840000000000032,4.710000000000036,1
2025-05-26 22:00:00,347.35,363.79,347.32,362.89,120146414,339.34,16.470000000000027,4.5385654054947855,8.010000000000048,2.3604644309542193,15.539999999999964,0.9000000000000341,0.03000000000002956,1
2025-05-27 22:00:00,364.84,365.0,355.91,356.9,91404309,362.89,9.089999999999975,2.54693191370131,1.9499999999999886,0.5373529168618558,7.939999999999998,0.160000000000025,0.9899999999999523,0
2025-05-28 22:00:00,365.29,367.71,356.0,358.43,88545666,356.9,11.70999999999998,3.2670256395948942,8.390000000000043,2.3507985430092586,6.860000000000014,2.419999999999959,2.430000000000007,0
2025-05-29 22:00:00,355.52,363.68,345.29,346.46,123474938,358.43,18.389999999999986,5.307972060266694,-2.910000000000025,-0.8118740060820872,9.060000000000002,8.160000000000025,1.169999999999959,0
2025-06-01 22:00:00,343.5,348.02,333.33,342.69,81873829,346.46,14.689999999999998,4.286673086462983,-2.9599999999999795,-0.8543554811522195,0.8100000000000023,4.519999999999982,9.360000000000014,0
2025-06-02 22:00:00,346.595,355.4,343.04,344.27,99324544,342.69,12.359999999999957,3.5902053620704555,3.9050000000000296,1.1395138463334296,2.3250000000000455,8.80499999999995,1.2299999999999613,0
2025-06-03 22:00:00,345.095,345.6,327.3308,332.05,98912075,344.27,18.269200000000012,5.501942478542392,0.8250000000000455,0.2396374938275323,13.045000000000016,0.5049999999999955,4.719200000000001,0
2025-06-04 22:00:00,322.49,324.5499,273.21,284.7,292818655,332.05,51.3399,18.032982086406747,-9.560000000000002,-2.8790844752296345,37.79000000000002,2.0598999999999705,11.490000000000009,0
2025-06-05 22:00:00,298.83,305.5,291.14,295.14,164747685,284.7,14.360000000000014,4.8654875652232885,14.129999999999995,4.963119072708112,3.6899999999999977,6.670000000000016,4.0,0
2025-06-08 22:00:00,285.955,309.83,281.85,308.58,140908876,295.14,27.97999999999996,9.067340722016969,-9.185000000000002,-3.112082401572136,22.625,1.25,4.104999999999961,1
2025-06-09 22:00:00,314.94,327.83,310.667,326.09,151256520,308.58,17.16300000000001,5.263270876138494,6.360000000000014,2.061053859615015,11.149999999999977,1.740000000000009,4.273000000000025,1
2025-06-10 22:00:00,334.395,335.5,322.5,326.43,122611360,326.09,13.0,3.982477100756671,8.305000000000007,2.5468428961329717,7.964999999999975,1.1050000000000182,3.930000000000007,0
2025-06-11 22:00:00,323.075,332.56,316.86,319.11,105127536,326.43,15.699999999999989,4.919933565228288,-3.355000000000018,-1.0277854363875925,3.964999999999975,9.485000000000014,2.25,0
2025-06-12 22:00:00,313.97,332.99,313.3,325.31,128964279,319.11,19.689999999999998,6.052688205096676,-5.139999999999986,-1.6107298423740986,11.339999999999975,7.680000000000007,0.6700000000000159,1
2025-06-15 22:00:00,331.29,332.05,326.41,329.13,83925858,325.31,5.639999999999986,1.713608604502776,5.980000000000018,1.8382465955550147,2.160000000000025,0.7599999999999909,2.7199999999999704,0
2025-06-16 22:00:00,326.09,327.26,314.74,316.35,88282669,329.13,12.519999999999982,3.9576418523786883,-3.0400000000000205,-0.9236471910795189,9.739999999999952,1.170000000000016,1.6100000000000136,0
2025-06-17 22:00:00,317.31,329.32,315.45,322.05,95137686,316.35,13.870000000000005,4.306784660766963,0.9599999999999795,0.30346135609292857,4.740000000000009,7.269999999999982,1.8600000000000136,1
2025-06-19 22:00:00,327.95,332.36,317.78,322.16,108688008,322.05,14.580000000000041,4.525701514775279,5.899999999999977,1.832013662474764,5.789999999999964,4.410000000000025,4.380000000000052,0
2025-06-22 22:00:00,327.54,357.54,327.48,348.68,190716815,322.16,30.060000000000002,8.621085235746245,5.3799999999999955,1.6699776508567157,21.139999999999986,8.860000000000014,0.060000000000002274,1
2025-06-23 22:00:00,356.17,356.26,340.44,340.47,114736245,348.68,15.819999999999993,4.646518048579902,7.490000000000009,2.1481014110359093,15.699999999999989,0.08999999999997499,0.03000000000002956,0
2025-06-24 22:00:00,342.7,343.0,320.4,327.55,119845050,340.47,22.600000000000023,6.899709967943831,2.2299999999999613,0.6549769436367261,15.149999999999977,0.30000000000001137,7.150000000000034,0
2025-06-25 22:00:00,324.61,331.05,323.61,325.78,80440907,327.55,7.439999999999998,2.283749769783289,-2.9399999999999977,-0.8975728896351695,1.169999999999959,5.270000000000039,1.0,1
2025-06-26 22:00:00,324.51,329.3393,317.495,323.63,89067049,325.78,11.844299999999976,3.659827580879392,-1.2699999999999818,-0.3898336300570882,0.8799999999999955,4.829299999999989,6.134999999999991,0
2025-06-29 22:00:00,319.9,325.5799,316.6,317.66,76695081,323.63,8.979899999999986,2.8268903859472347,-3.730000000000018,-1.1525507524024405,2.2399999999999523,5.679900000000032,1.0600000000000023,0
2025-06-30 22:00:00,298.46,305.89,293.21,300.71,145085665,317.66,12.680000000000007,4.216687173688938,-19.200000000000045,-6.044198199332634,2.25,5.180000000000007,5.25,1
2025-07-01 22:00:00,312.63,316.832,303.82,315.65,119483730,300.71,13.012,4.1222873435767475,11.920000000000016,3.963951980313264,3.019999999999982,1.1820000000000164,8.810000000000002,1
2025-07-02 22:00:00,317.99,318.45,312.76,315.35,58042302,315.65,5.689999999999998,1.8043443792611376,2.340000000000032,0.741327419610338,2.6399999999999864,0.45999999999997954,2.590000000000032,0
2025-07-06 22:00:00,291.37,296.15,288.7701,293.94,131177949,315.35,7.379899999999964,2.510682452201117,-23.980000000000018,-7.604249246868563,2.569999999999993,2.2099999999999795,2.599899999999991,1
2025-07-07 22:00:00,297.0,304.0499,294.35,297.81,103246742,293.94,9.699899999999957,3.257076659615176,3.0600000000000023,1.0410287813839567,0.8100000000000023,6.239899999999977,2.6499999999999773,1
2025-07-08 22:00:00,297.55,300.15,293.55,295.88,75586771,297.81,6.599999999999966,2.230634040827351,-0.2599999999999909,-0.08730398576273157,1.670000000000016,2.599999999999966,2.329999999999984,0
2025-07-09 22:00:00,300.05,310.48,300.0,309.87,104365271,295.88,10.480000000000018,3.3820634459612156,4.170000000000016,1.4093551439772933,9.819999999999993,0.6100000000000136,0.05000000000001137,1
2025-07-10 22:00:00,307.89,314.09,305.65,313.51,79236442,309.87,8.439999999999998,2.6920991355937605,-1.9800000000000182,-0.6389776357827535,5.6200000000000045,0.5799999999999841,2.240000000000009,1
2025-07-13 22:00:00,317.73,322.5986,312.67,316.9,78043430,313.51,9.92859999999996,3.133038813505826,4.220000000000027,1.3460495677968893,0.8300000000000409,4.868599999999958,4.229999999999961,0
2025-07-14 22:00:00,319.675,321.2,310.5,310.78,77556346,316.9,10.699999999999989,3.4429499967822865,2.775000000000034,0.8756705585358265,8.895000000000039,1.5249999999999773,0.2799999999999727,0
2025-07-15 22:00:00,312.8,323.5,312.62,321.67,97284786,310.78,10.879999999999995,3.382348369446947,2.0200000000000387,0.6499774760280709,8.870000000000005,1.829999999999984,0.18000000000000682,1
2025-07-16 22:00:00,323.15,324.34,317.0601,319.41,73922870,321.67,7.279899999999998,2.279170971478663,1.4799999999999613,0.4600988590791685,3.7399999999999523,1.1899999999999977,2.349900000000048,0
2025-07-17 22:00:00,321.66,330.9,321.42,329.65,94254993,319.41,9.479999999999961,2.8757773396025974,2.25,0.7044237813468582,7.989999999999952,1.25,0.2400000000000091,1
2025-07-20 22:00:00,334.4,338.0,326.88,328.49,75768797,329.65,11.120000000000005,3.3851867636762165,4.75,1.4409221902017293,5.909999999999968,3.6000000000000227,1.6100000000000136,0
2025-07-21 22:00:00,329.74,335.4098,321.55,332.11,77370371,328.49,13.859800000000007,4.173255848965706,1.25,0.38052908764345944,2.3700000000000045,3.2998000000000047,8.189999999999998,1
2025-07-22 22:00:00,330.9,336.2,328.67,332.56,92553756,332.11,7.529999999999973,2.2642530671157,-1.2100000000000364,-0.36433711722020906,1.660000000000025,3.6399999999999864,2.2299999999999613,1
2025-07-23 22:00:00,310.0,310.15,300.41,305.3,156966023,332.56,9.739999999999952,3.190304618408107,-22.560000000000002,-6.78373827279288,4.699999999999989,0.14999999999997726,4.889999999999986,0
2025-07-24 22:00:00,308.74,323.63,308.01,316.06,148227027,305.3,15.620000000000005,4.942099601341519,3.4399999999999977,1.1267605633802809,7.319999999999993,7.569999999999993,0.7300000000000182,1
2025-07-27 22:00:00,318.45,330.49,315.69,325.59,112673755,316.06,14.800000000000011,4.545594152154554,2.3899999999999864,0.7561855343921997,7.139999999999986,4.900000000000034,2.759999999999991,1
2025-07-28 22:00:00,325.55,326.25,318.25,321.2,87358861,325.59,8.0,2.4906600249066004,-0.03999999999996362,-0.012285389600406533,4.350000000000023,0.6999999999999886,2.9499999999999886,0
2025-07-29 22:00:00,322.18,324.4499,311.6164,319.04,83931942,321.2,12.833500000000015,4.022536359077236,0.9800000000000182,0.3051058530510642,3.1399999999999864,2.269900000000007,7.423600000000022,0
2025-07-30 22:00:00,319.605,321.37,306.1,308.27,85270919,319.04,15.269999999999982,4.953449897816843,0.5649999999999977,0.1770937813440314,11.335000000000036,1.7649999999999864,2.169999999999959,0
2025-07-31 22:00:00,306.205,309.31,297.82,302.63,89121446,308.27,11.490000000000009,3.7967154611241485,-2.0649999999999977,-0.6698673240990034,3.5749999999999886,3.105000000000018,4.810000000000002,0
2025-08-03 22:00:00,309.08,312.1186,303.0001,309.26,78683905,302.63,9.11850000000004,2.948489943736675,6.449999999999989,2.1313154677328714,0.18000000000000682,2.858600000000024,6.079900000000009,1
2025-08-04 22:00:00,308.95,312.4499,305.5,308.72,57961278,309.26,6.949900000000014,2.2511984970199577,-0.3100000000000023,-0.10023928086399868,0.22999999999996135,3.499900000000025,3.2200000000000273,0
2025-08-05 22:00:00,307.89,320.47,306.9345,319.91,78523579,308.72,13.535500000000013,4.23103372823607,-0.8300000000000409,-0.26885203420576603,12.020000000000039,0.5600000000000023,0.9554999999999723,1
2025-08-06 22:00:00,319.79,322.4,316.16,322.27,66658672,319.91,6.239999999999952,1.9362646228317724,-0.12000000000000455,-0.03751054984214452,2.4799999999999613,0.12999999999999545,3.6299999999999955,1
2025-08-07 22:00:00,321.43,335.15,320.98,329.65,91200319,322.27,14.169999999999959,4.298498407401778,-0.839999999999975,-0.26065100691965587,8.21999999999997,5.5,0.44999999999998863,1
